ID,CreatedAt,UpdatedAt,MessageID,PatientID,Content,ModelUsed,Confidence,Category,Priority,Status,ReviewedAt,ReviewedBy,ReviewNotes
ai_1733844044313868900,2024-12-10T23:20:44+08:00,2024-12-10T23:20:44+08:00,1733844039121606400,p001,"您好，长时间站立走动可能导致脚部肿胀。建议您先尝试以下方法缓解脚肿：
1. 休息：尽量避免长时间站立，可以坐下休息一下，抬高双脚放松。
2. 按摩：可以轻轻按摩脚部，促进血液循环。
3. 热敷：用温热的湿毛巾敷在肿胀处，有助于舒缓疼痛。
4. 多喝水：保持足够的水分摄入，有助于减轻肿胀。

如果脚肿持续严重或伴随其他症状（如疼痛、红肿等），建议及时就医，以获取专业的诊断和治疗建议。",gpt-3.5-turbo,0.95,medication,3,pending,0001-01-01T00:00:00Z,,
ai_1733846856944018600,2024-12-11T00:07:36+08:00,2024-12-11T00:07:36+08:00,1733846849896037900,p001,请您注意不要输入无意义的内容，如果有任何健康问题或疑虑，请告诉我，我会尽力提供帮助。,gpt-3.5-turbo,0.95,medication,3,pending,0001-01-01T00:00:00Z,,
ai004,2024-01-01T13:00:05Z,2024-01-01T13:00:05Z,m007,p004,急性胃痛需要警惕，建议：1. 立即服用已开具的药物 2. 观察30分钟 3. 如无缓解及时就医 4. 记录疼痛特点,gpt-3.5-turbo,0.96,urgent,4,approved,2024-01-01T13:01:00Z,d004,紧急情况处理得当
ai001,2024-01-01T10:00:05Z,2024-01-01T10:00:05Z,m001,p001,建议：1. 检查最近的血压记录 2. 评估当前用药是否规律 3. 询问生活方式改变 4. 建议进行24小时动态血压监测,gpt-3.5-turbo,0.92,medication,3,approved,2024-01-01T10:01:00Z,d001,合理的建议，已采纳
ai002,2024-01-01T11:00:05Z,2024-01-01T11:00:05Z,m003,p002,考虑到患者有哮喘病史，咳嗽加重可能预示病情变化，建议：1. 及时复诊 2. 准备既往病历 3. 记录症状变化,gpt-3.5-turbo,0.95,visit,4,approved,2024-01-01T11:01:00Z,d002,准确的判断，需要及时处理
ai003,2024-01-01T12:00:05Z,2024-01-01T12:00:05Z,m005,p003,血糖数据显示控制良好，建议：1. 保持当前治疗方案 2. 继续监测血糖 3. 适当运动,gpt-3.5-turbo,0.88,lifestyle,2,approved,2024-01-01T12:01:00Z,d003,建议合理
ai005,2024-01-01T14:00:05Z,2024-01-01T14:00:05Z,m009,p005,头晕可能与高血压相关，建议：1. 立即测量血压 2. 记录头晕发生时间和情况 3. 如血压超标及时就医,gpt-3.5-turbo,0.94,urgent,4,approved,2024-01-01T14:01:00Z,d005,建议准确，需要紧急处理 
ai_1733844007918773500,2024-12-10T23:20:07+08:00,2024-12-10T23:20:07+08:00,1733843999072959900,p001,张三先生，您好。关于您脚部肿胀的情况，我需要了解一些更多的信息。您是否有受伤或是长时间站立走动？是否有其他不适症状，比如疼痛或发热？请您描述一下脚部肿胀的具体情况。同时，鉴于您的年龄较小，建议您尽快就医，以便及时得到专业的诊断和治疗。,gpt-3.5-turbo,0.95,medication,3,pending,0001-01-01T00:00:00Z,,
ai_1733842171746584300,2024-12-10T22:49:31+08:00,2024-12-10T22:49:31+08:00,1733842164352166700,p001,"根据您的描述，脚肿可能是由于多种原因引起的，例如长时间站立、过度劳累、穿着不合适的鞋子、受伤或者其他疾病引起的水肿等。您可以尝试以下方法缓解脚部肿胀：

1. 休息：尽量避免长时间站立或走动，让脚部得到充分休息。
2. 抬脚：建议抬高双脚，让脚部处于高于心脏位置，有助于减轻肿胀。
3. 冷敷：可以使用冰袋或冷敷物敷在肿胀处，每次15-20分钟，有助于缓解疼痛和肿胀。
4. 按摩：轻轻按摩肿胀处，促进血液循环，减轻肿胀症状。
5. 穿宽松舒适的鞋子：避免穿高跟鞋或过紧的鞋子，选择宽松舒适的鞋子有助于减轻脚部不适。

如果脚部肿胀持续时间较长，伴随其他症状（如发热、疼痛加剧等），建议及时就医，以排除其他病因引起的肿胀。希望您早日康复！",gpt-3.5-turbo,0.95,medication,3,pending,0001-01-01T00:00:00Z,,
